Bulbasaur,Ivysaur,Venusaur,Mega Venusaur,Gigantamax Venusaur,Charmander,Charmeleon,Charizard,Mega Charizard ,Ultra Charizard,Gigantamax Charizard,Squirtle,Wartortle,Blastoise,Mega Blastoise,Gigantamax Blastoise,Caterpie,Metapod,Butterfree,Gigantamax Butterfree,Weedle,Kakuna,Beedrill,Mega Beedrill,Pidgey,Pidgeotto,Pidgeot,Mega Pidgeot,Rattata,Ultra Rattata,Raticate,Ultra Raticate,Spearow,Fearow,Ekans,Arbok,Pichu,Pikachu,Gigantamax Pikachu,Raichu,Ultra Raichu,Sandshrew,Ultra Sandsherew,Sandslash,Ultra Sandslash,Nidoran♀,Nidorina,Nidoqueen,Nidoran♂,Nidorino,Nidoking,Cleffa,Clefairy,Clefable,Vulpix,Ultra Vulpix,Ninetales,Ultra Ninetales,Igglybuff,Jigglypuff,Wigglytuff,Zubat,Golbat,Crobat,Oddish,Gloom,Vileplume,Bellossom,Paras,Parasect,Venonat,Venomoth,Diglett,Dugtrio,Ultra Dugtrio,Meowth,Ultra Meowth,Gigantamax Meowth,Persian,Ultra Persian,Perrserker,Ultra Perrserker,Psyduck,Golduck,Mankey,Primeape,Annihilape,Growlithe,Ultra Growlithe,Arcanine,Ultra Arcanine,Poliwag,Poliwhirl,Poliwrath,Politoed,Abra,Kadabra,Alakazam,Mega Alakazam,Machop,Machoke,Machamp,Gigantamax Machamp,Bellsprout,Weepinbell,Victreebel,Tentacool,Tentacruel,Geodude,Ultra Geodude,Graveler,Ultra Graveler,Golem,Ultra Golem,Ponyta,Ultra Ponyta,Rapidash,Ultra Rapidash,Slowpoke,Slowbro,Ultra Slowbro,Mega Slowbro,Slowking,Ultra Slowking,Magnemite,Magneton,Magnezone,Magnezone Radiante,Farfetch’d,Sirfetch’d,Doduo,Dodrio,Seel,Dewgong,Grimer,Ultra Grimer,Muk,Ultra Muk,Shellder,Cloyster,Gastly,Haunter,Gengar,Mega Gengar,Gigantamax Gengar,Onix,Steelix,Mega Steelix,Drowzee,Hypno,Krabby,Kingler,Gigantamax Kingler,Voltorb,Ultra Voltorb,Electrode,Ultra Electrode,Exeggcute,Exeggutor,Ultra Exeggutor,Cubone,Marowak,Ultra Marowak,Tyrogue,Hitmonlee,Hitmonchan,Hitmontop,Lickitung,Lickilicky,Koffing,Weezing,Ultra Weezing,Rhyhorn,Rhydon,Rhyperior,Happiny,Chansey,Blissey,Blissey Radiante,Tangela,Tangrowth,Kangaskhan,Mega Kangaskhan,Horsea,Seadra,Kingdra,Goldeen,Seaking,Staryu,Starmie,Mime Jr,Mr. Mime,Mr. Rime,Scyther,Scizor,Mega Scizor,Kleavor,Smoochum,Jynx,Elekid,Electabuzz,Electivire,Magby,Magmar,Magmortar,Pinsir,Mega Pinsir,Tauros,Tauros Combat,Tauros Flame,Tauros Aqua,Magikarp,Gyarados,Mega Gyarados,Lapras,Gigantamax Lapras,Ditto,Eevee,Gigantamax Eevee,Vaporeon,Vaporeon Radiante,Jolteon,Jolteon Radiante,Flareon,Flareon Radiante,Espeon,Espeon Radiante,Umbreon,Umbreon Radiante,Leafeon,Leafon Radiante,Glaceon,Glaceon Radiante,Sylveon,Sylveon Radiante,Porygon,Porygon2,Porygon-Z,Omanyte,Omastar,Kabuto,Kabutops,Aerodactyl,Mega Aerodactyl,Munchlax,Snorlax,Gigantamax Snorlax,Articuno,Ultra Articuno,Zapdos,Ultra Zapdos,Moltres,Ultra Moltres,Dratini,Dragonair,Dragonite,Mewtwo,Mega Mewtwo ,Ultra Mewtwo ,Mew,Mew Radiante
Recarga,Recarga,Recarga,Recarga,Recarga,Enraivecer,Enraivecer,Enraivecer,Enraivecer,Enraivecer,Enraivecer,Provocar,Provocar,Provocar,Provocar,Provocar,Biscoito,Biscoito,Recarga,Recarga,Enraivecer,Enraivecer,Golpe Critico,Golpe Critico,Enraivecer,Enraivecer,Enraivecer,Enraivecer,Enraivecer,Enraivecer,Enraivecer,Enraivecer,Rosnar,Rosnar,Golpe Critico,Golpe Critico,Biscoito,Recarga,Recarga,Recarga,Recarga,Provocar,Provocar,Provocar,Provocar,Provocar,Provocar,Provocar,Provocar,Provocar,Provocar,Recarga,Recarga,Recarga,Rosnar,Rosnar,Rosnar,Rosnar,Tapa,Provocar,Provocar,Rosnar,Rosnar,Rosnar,Biscoito,Biscoito,Biscoito,Biscoito,Provocar,Provocar,Resetar,Resetar,Cabeçada,Cabeçada,Cabeçada,Enraivecer,Enraivecer,Enraivecer,Enraivecer,Enraivecer,Enraivecer,Enraivecer,Provocar,Provocar,Enraivecer,Enraivecer,Enraivecer,Rosnar,Rosnar,Rosnar,Rosnar,Recarga,Recarga,Recarga,Recarga,Recarga,Recarga,Recarga,Recarga,Provocar,Provocar,Provocar,Provocar,Golpe Critico,Golpe Critico,Golpe Critico,Recarga,Recarga,Enraivecer,Enraivecer,Enraivecer,Enraivecer,Enraivecer,Enraivecer,Biscoito,Biscoito,Biscoito,Biscoito,Recarga,Recarga,Recarga,Recarga,Recarga,Recarga,Recarga,Recarga,Recarga,Recarga,Rosnar,Rosnar,Golpe Critico,Enraivecer,Tapa Magico,Tapa Magico,Provocar,Provocar,Provocar,Provocar,Provocar,Provocar,Golpe Critico,Golpe Critico,Golpe Critico,Golpe Critico,Golpe Critico,Provocar,Provocar,Provocar,Provocar,Provocar,Biscoito,Biscoito,Biscoito,Enraivecer,Enraivecer,Enraivecer,Enraivecer,Enraivecer,Enraivecer,Enraivecer,Enraivecer,Enraivecer,Enraivecer,Biscoito,Manobra Evasiva,Manobra Evasiva,Manobra Evasiva,Provocar,Provocar,Recarga,Recarga,Recarga,Enraivecer,Enraivecer,Enraivecer,Provocar,Provocar,Provocar,Provocar,Provocar,Provocar,Rosnar,Rosnar,Recarga,Recarga,Recarga,Biscoito,Biscoito,Golpe Critico,Golpe Critico,Tapa,Provocar,Provocar,Estocada,Estocada,Estocada,Estocada,Recarga,Recarga,Recarga,Recarga,Recarga,Recarga,Recarga,Recarga,Provocar,Provocar,Enraivecer,Enraivecer,Enraivecer,Enraivecer,Recarga,Provocar,Provocar,Resetar,Resetar,Recarga,Recarga,Recarga,Recarga,Recarga,Recarga,Recarga,Recarga,Recarga,Recarga,Recarga,Recarga,Recarga,Recarga,Recarga,Recarga,Recarga,Recarga,Recarga,Recarga,Recarga,Recarga,Provocar,Provocar,Provocar,Provocar,Manobra Evasiva,Manobra Evasiva,Provocar,Provocar,Provocar,Enraivecer,Enraivecer,Enraivecer,Enraivecer,Enraivecer,Enraivecer,Rosnar,Rosnar,Rosnar,Recarga,Recarga,Recarga,Resetar Forçado,Resetar Forçado
Provocar,Provocar,Provocar,Provocar,Provocar,Rosnar,Rosnar,Rosnar,Rosnar,Rosnar,Rosnar,Tapa,Tapa,Tapa,Tapa,Tapa,Cabeçada,Cabeçada,Biscoito,Biscoito,Estocada,Estocada,Estocada,Estocada,Rosnar,Rosnar,Rosnar,Rosnar,Rosnar,Rosnar,Rosnar,Rosnar,Biscoito,Biscoito,Barragem,Barragem,Cabeçada,Biscoito,Biscoito,Biscoito,Biscoito,Rosnar,Rosnar,Rosnar,Rosnar,Rosnar,Rosnar,Rosnar,Rosnar,Rosnar,Rosnar,Biscoito,Biscoito,Biscoito,Investida,Investida,Investida,Investida,Inflar,Tapa,Tapa,Cabeçada,Cabeçada,Cabeçada,Resetar,Resetar,Resetar,Resetar,Golpe Critico,Golpe Critico,Investida,Investida,Ataque Rapido,Ataque Rapido,Ataque Rapido,Rosnar,Rosnar,Rosnar,Rosnar,Rosnar,Rosnar,Rosnar,Cabeçada,Cabeçada,Tapa,Tapa,Tapa,Investida,Investida,Investida,Investida,Resetar,Tapa,Tapa,Tapa,Biscoito,Biscoito,Biscoito,Biscoito,Tapa,Tapa,Tapa,Tapa,Borrifada,Energia,Energia,Provocar,Provocar,Cabeçada,Cabeçada,Cabeçada,Cabeçada,Provocar,Provocar,Investida,Investida,Investida,Investida,Provocar,Provocar,Provocar,Provocar,Provocar,Provocar,Resetar,Resetar,Resetar,Resetar,Tapa,Estocada,Estocada,Golpe Critico,Resetar Forçado,Resetar Forçado,Tapa,Tapa,Tapa,Tapa,Resetar,Resetar,Resetar Forçado,Resetar Forçado,Resetar Forçado,Resetar Forçado,Resetar Forçado,Cabeçada,Cabeçada,Cabeçada,Tapa,Tapa,Golpe Critico,Golpe Critico,Golpe Critico,Recarga,Recarga,Recarga,Recarga,Biscoito,Biscoito,Biscoito,Provocar,Provocar,Provocar,Tapa,Agilidade,Agilidade,Agilidade,Tapa Especial,Tapa Especial,Resetar,Resetar,Resetar,Provocar,Provocar,Provocar,Biscoito,Biscoito,Biscoito,Biscoito,Resetar,Resetar,Tapa,Tapa,Energia,Resetar Forçado,Resetar Forçado,Golpe Precavido,Golpe Precavido,Energia,Resetar Forçado,Tapa Especial,Tapa,Tapa,Manobra Evasiva,Manobra Evasiva,Manobra Evasiva,Manobra Evasiva,Biscoito,Biscoito,Tapa,Tapa,Tapa,Tapa,Tapa,Tapa,Golpe Critico,Golpe Critico,Provocar,Provocar,Provocar,Provocar,Resetar,Grito de Guerra,Grito de Guerra,Barragem,Barragem,Resetar,Rosnar,Rosnar,Rosnar,Rosnar,Rosnar,Rosnar,Rosnar,Rosnar,Rosnar,Rosnar,Rosnar,Rosnar,Rosnar,Rosnar,Rosnar,Rosnar,Rosnar,Rosnar,Golpe Critico,Golpe Critico,Golpe Critico,Cabeçada,Cabeçada,Biscoito,Biscoito,Tankar,Tankar,Biscoito,Biscoito,Biscoito,Grito de Guerra,Grito de Guerra,Grito de Guerra,Grito de Guerra,Grito de Guerra,Grito de Guerra,Cabeçada,Cabeçada,Cabeçada,Energia,Energia,Energia,Toque Mental,Toque Mental
Rosnar,Rosnar,Rosnar,Rosnar,Rosnar,Tapa,Tapa,Tapa,Tapa,Tapa,Tapa,Tapa Especial,Tapa Especial,Tapa Especial,Tapa Especial,Tapa Especial,Crescimento,Crescimento,Manobra Evasiva,Manobra Evasiva,Minhocagem,Minhocagem,Agilidade,Agilidade,Manobra Evasiva,Manobra Evasiva,Manobra Evasiva,Manobra Evasiva,Tapa,Tapa,Tapa,Tapa,Golpe Critico,Golpe Critico,Regeneração,Regeneração,Beslico Chocante,Investida,Investida,Investida,Investida,Cabeçada,Cabeçada,Cabeçada,Cabeçada,Tapa,Tapa,Tapa,Tapa,Tapa,Tapa,Resetar,Tapa Magico,Tapa Especial,Foguinho,Foguinho,Ataque Rapido,Ataque Rapido,Charme,Tapa Magico,Tapa Magico,Golpe Precavido,Golpe Precavido,Golpe Precavido,Energia,Cabeçada,Cabeçada,Cabeçada,Barragem,Barragem,Inflar,Inflar,Barreira Energetica,Proteger,Proteger,Tapa,Tapa,Tapa,Tapa,Tapa,Tapa,Tapa,Borrifada,Ataque Rapido,Tapa Especial,Tapa Especial,Tapa Especial,Grito de Guerra,Grito de Guerra,Grito de Guerra,Grito de Guerra,Ataque Rapido,Resetar,Resetar,Resetar,Energia,Tapa Magico,Tapa Magico,Tapa Magico,Tapa Especial,Tapa Especial,Tapa Especial,Tapa Especial,Esguicho Suave,Borrifada,Borrifada,Resetar,Resetar,Investida,Investida,Investida,Investida,Cabeçada,Cabeçada,Agilidade,Agilidade,Agilidade,Agilidade,Tapa Magico,Tapa Magico,Tapa Magico,Tapa Magico,Tapa Magico,Tapa Magico,Resetar Forçado,Resetar Forçado,Resetar Forçado,Resetar Forçado,Tapa Especial,Ataque Rapido,Investida,Estocada,Manobra Evasiva,Manobra Evasiva,Tapa Especial,Tapa Especial,Tapa Especial,Tapa Especial,Barragem,Barragem,Energia,Energia,Energia,Energia,Energia,Barragem,Barragem,Barragem,Tapa Especial,Tapa Especial,Estocada,Estocada,Estocada,Resetar Forçado,Resetar Forçado,Resetar Forçado,Resetar Forçado,Cabeçada,Cabeçada,Cabeçada,Rosnar,Rosnar,Rosnar,Manobra Evasiva,Meditação,Meditação,Meditação,Tapa Magico,Tapa Magico,Inflar,Inflar,Inflar,Investida,Investida,Investida,Resetar Forçado,Resetar Forçado,Resetar Forçado,Resetar Forçado,Cabeçada,Cabeçada,Cabeçada,Cabeçada,Borrifada,Energia,Energia,Bola Especial,Bola Especial,Esguicho Suave,Energia,Tapa Magico,Tapa Especial,Tapa Especial,Agilidade,Agilidade,Agilidade,Agilidade,Tapa Magico,Tapa Magico,Faisca,Manobra Evasiva,Manobra Evasiva,Arranhar,Arranhar,Arranhar,Chifrada,Chifrada,Resetar,Resetar,Resetar,Resetar,Splash,Jato de Agua,Jato de Agua,Proteger,Proteger,Transformar,Biscoito,Biscoito,Biscoito,Biscoito,Biscoito,Biscoito,Biscoito,Biscoito,Biscoito,Biscoito,Biscoito,Biscoito,Biscoito,Biscoito,Biscoito,Biscoito,Biscoito,Biscoito,Resetar Forçado,Resetar Forçado,Resetar Forçado,Borrifada,Borrifada,Golpe Critico,Golpe Critico,Voo Alto,Voo Alto,Tapa,Tapa,Tapa,Energia,Energia,Energia,Energia,Energia,Energia,Manobra Evasiva,Manobra Evasiva,Manobra Evasiva,Vampirismo Energético,Vampirismo Energético,Vampirismo Energético,Flutuar,Flutuar
Cabeçada,Cabeçada,Cabeçada,Cabeçada,Cabeçada,Resetar,Resetar,Resetar,Resetar,Resetar,Resetar,Resetar,Resetar,Resetar,Resetar,Resetar,Tiro de Semente,Tiro de Semente,Energia,Energia,Picada,Picada,Trevo da Sorte,Trevo da Sorte,Beslico Chocante,Beslico Chocante,Beslico Chocante,Beslico Chocante,Cabeçada,Cabeçada,Cabeçada,Cabeçada,Manobra Evasiva,Manobra Evasiva,Picada,Picada,Faisca,Ataque Rapido,Ataque Rapido,Ataque Rapido,Ataque Rapido,Golpe de Concha,Golpe de Concha,Golpe de Concha,Golpe de Concha,Ninho Protetor,Ninho Protetor,Ninho Protetor,Ninho Protetor,Ninho Protetor,Ninho Protetor,Charme,Resetar,Tapa Magico,Suspiro de Fogo,Suspiro de Fogo,Foguinho,Foguinho,Cantar,Inflar,Inflar,Agilidade,Agilidade,Agilidade,Bola Climatica,Energia,Energia,Energia,Gota Pesada,Tankar,Borrifada,Agilidade,Minhocagem,Golpe Super Precavido,Golpe Super Precavido,Golpe Critico,Golpe Critico,Golpe Critico,Golpe Critico,Golpe Critico,Golpe Critico,Golpe Critico,Bolhas,Agilidade,Manobra Evasiva,Manobra Evasiva,Manobra Evasiva,Golpe Precavido,Golpe Precavido,Golpe Precavido,Golpe Precavido,Energia,Ataque Rapido,Ataque Rapido,Ataque Rapido,Meditação,Resetar Forçado,Resetar Forçado,Resetar Forçado,Cabeçada,Cabeçada,Cabeçada,Cabeçada,Sintese,Esguicho Suave,Esguicho Suave,Pancada Seca,Pancada Seca,Treinar,Treinar,Tankar,Tankar,Investida,Investida,Foguinho,Foguinho,Investida Selvagem,Investida Selvagem,Resetar,Resetar,Resetar,Resetar,Resetar,Resetar,Faisca,Faisca,Faisca,Faisca,Tapa Magico,Agilidade,Golpe Precavido,Investida,Barragem,Barragem,Barragem,Barragem,Barragem,Barragem,Proteger,Proteger,Toque Mental,Toque Mental,Toque Mental,Toque Mental,Toque Mental,Pancada Seca,Pancada Seca,Pancada Seca,Golpe Precavido,Golpe Precavido,Bolhas,Bolhas,Bolhas,Barragem,Barragem,Barragem,Barragem,Sintese,Tankar,Tankar,Cabeçada,Cabeçada,Cabeçada,Agilidade,Treinar,Treinar,Treinar,Resetar,Resetar,Exoesqueleto,Tankar,Tankar,Investida Selvagem,Tankar,Tankar,Barragem,Barragem,Barragem,Barragem,Barragem,Barragem,Resetar Forçado,Resetar Forçado,Esguicho Suave,Borrifada,Borrifada,Borrifada,Borrifada,Dança da Chuva,Esguicho Suave,Olho que Tudo Ve,Tapa Magico,Tapa Magico,Guilhotina,Guilhotina,Guilhotina,Guilhotina,Toque Mental,Toque Mental,Pilha,Faisca,Tankar,Foguinho,Foguinho,Foguinho,Guilhotina,Guilhotina,Golpe Critico,Golpe Critico,Golpe Critico,Golpe Critico,Dança da Chuva,Barragem Aquatica,Barragem Aquatica,Tankar,Tankar,Barragem,Cabeçada,Cabeçada,Cabeçada,Cabeçada,Cabeçada,Cabeçada,Cabeçada,Cabeçada,Cabeçada,Cabeçada,Cabeçada,Cabeçada,Cabeçada,Cabeçada,Cabeçada,Cabeçada,Cabeçada,Cabeçada,Barragem,Barragem,Barragem,Bolhas,Bolhas,Bolhas,Bolhas,Asas Protetoras,Asas Protetoras,Resetar,Tapa Especial,Tapa Especial,Bola Climatica,Bola Climatica,Bola Climatica,Bola Climatica,Bola Climatica,Bola Climatica,Golpe Precavido,Golpe Precavido,Golpe Precavido,Meditação,Meditação,Meditação,Teletransporte Forçado,Teletransporte Forçado
Investida,Investida,Investida,Investida,Investida,Golpe Critico,Golpe Critico,Golpe Critico,Golpe Critico,Golpe Critico,Golpe Critico,Barragem,Barragem,Barragem,Barragem,Barragem,Minhocagem,Minhocagem,Gota Pesada,Gota Pesada,Seda,Seda,Preparativo,Preparativo,Ventinho,Ventinho,Ventinho,Ventinho,Agilidade,Agilidade,Agilidade,Agilidade,Ataque Rapido,Ataque Rapido,Carcomer,Carcomer,Pilha,Energia,Energia,Energia,Energia,Areia,Areia,Areia,Areia,Mordida ,Mordida ,Mordida ,Mordida ,Mordida ,Mordida ,Brilho,Energia,Resetar,Aquecer,Aquecer,Suspiro de Fogo,Suspiro de Fogo,Musica Ambiente,Charme,Pancada Seca,Cabeçada Zen,Tankar,Tankar,Sintese,Bola Climatica,Tankar,Bola Climatica,Martelo Carangueijo,Golpe Super Precavido,Regeneração,Borrifada,Areia,Barreira Energetica,Barreira Energetica,Estocada,Estocada,Estocada,Estocada,Estocada,Estocada,Estocada,Jato de Agua,Borrifada,Acrobacia,Barragem,Barragem,Foguinho,Foguinho,Tankar,Tankar,Borrifada,Energia,Energia,Energia,Teleporte,Energia,Energia,Energia,Investida,Investida,Investida,Investida,Crescimento,Fonte Termal,Fonte Termal,Bolhas,Tankar,Soco,Soco,Treinar,Treinar,Tankar,Tankar,Aquecer,Aquecer,Foguinho,Foguinho,Esguicho Suave,Pancada Seca,Pancada Seca,Pancada Seca,Pancada Seca,Pancada Seca,Pilha,Pilha,Pilha,Pilha,Ataque Rapido,Golpe Super Precavido,Ataque Rapido,Golpe Precavido,Proteger,Proteger,Tankar,Tankar,Tankar,Tankar,Esguicho Suave,Tankar,Flutuar,Flutuar,Flutuar,Flutuar,Flutuar,Esmagar,Tankar,Tankar,Esguicho Suave,Esguicho Suave,Dança da Chuva,Dança da Chuva,Dança da Chuva,Investida,Investida,Investida,Investida,Crescimento,Hiper Raio,Hiper Raio,Areia,Pancada Seca,Pancada Seca,Meditação,Acrobacia,Acrobacia,Acrobacia,Cabeçada,Cabeçada,Cura Macabra,Exoesqueleto,Exoesqueleto,Sacrificio,Investida Selvagem,Investida Selvagem,Salvamento,Inflar,Inflar,Inflar,Crescimento,Esmagar,Barragem,Barragem,Bolhas,Esguicho Suave,Esguicho Suave,Esguicho Suave,Esguicho Suave,Jato de Agua,Dança da Chuva,Proteção Mental,Proteger,Proteger,Revoada,Martelo Carangueijo,Martelo Carangueijo,Revoada,Gelinho,Disturbio,Energizar,Pilha,Faisca,Tapa Quente,Tapa Quente,Tapa Quente,Trevo da Sorte,Trevo da Sorte,Cabeçada,Cabeçada,Cabeçada,Cabeçada,,Lança d’Água        ,Lança d’Água        ,Gota Pesada,Gota Pesada,,Manobra Evasiva,Manobra Evasiva,Manobra Evasiva,Manobra Evasiva,Manobra Evasiva,Manobra Evasiva,Manobra Evasiva,Manobra Evasiva,Manobra Evasiva,Manobra Evasiva,Manobra Evasiva,Manobra Evasiva,Manobra Evasiva,Manobra Evasiva,Manobra Evasiva,Manobra Evasiva,Manobra Evasiva,Manobra Evasiva,Energia,Energia,Energia,Dança da Chuva,Dança da Chuva,Gota Pesada,Gota Pesada,Voar,Voar,Mordida ,Resetar,Resetar,Voo Alto,Voo Alto,Voo Alto,Voo Alto,Voo Alto,Voo Alto,Bolhas,Bolhas,Tankar,Treinar,Treinar,Treinar,Amnesia,Amnesia
Energia,Energia,Energia,Energia,Energia,Grito de Guerra,Grito de Guerra,Grito de Guerra,Grito de Guerra,Grito de Guerra,Grito de Guerra,Investida,Investida,Investida,Investida,Investida,Picada,Picada,Cura Natural,Cura Natural,Olhar Cruel,Olhar Cruel,Picada,Picada,Voar,Voar,Voar,Voar,Mordida ,Mordida ,Mordida ,Mordida ,Ventinho,Ventinho,Olhar Cruel,Olhar Cruel,Charme,Faisca,Faisca,Faisca,Faisca,Cavar,Cavar,Cavar,Cavar,Areia,Areia,Areia,Areia,Areia,Areia,Salvamento,Charme,Energia,Labareda,Labareda,Aquecer,Aquecer,,Bondade,Proteger,Revoada,Cabeçada Zen,Golpe Super Precavido,Crescimento,Borrifada,Bola Climatica,Borrifada,Crescimento,Gota Pesada,Seda,Regeneração,Cavar,Minhocagem,Minhocagem,Manobra Evasiva,Manobra Evasiva,Manobra Evasiva,Manobra Evasiva,Manobra Evasiva,Manobra Evasiva,Manobra Evasiva,Barragem Aquatica,Bolhas,Soco,Acrobacia,Acrobacia,Queimar,Queimar,Investida Selvagem,Investida Selvagem,Esguicho Suave,Borrifada,Borrifada,Borrifada,Olho que Tudo Ve,Meditação,Meditação,Meditação,Crescimento,Grito de Guerra,Grito de Guerra,Grito de Guerra,Tiro de Semente,Sintese,Sintese,Jato de Agua,Bolhas,Areia,Areia,Soco,Soco,Esmagar,Esmagar,Superaquecer,Superaquecer,Aquecer,Aquecer,Jato de Agua,Tankar,Tankar,Tankar,Barreira Psiquica,Barreira Psiquica,Energizar,Energizar,Energizar,Energizar,Golpe Super Precavido,Concentração,Investida Selvagem,Ataque Rapido,Esguicho Suave,Esguicho Suave,Depressão,Depressão,Depressão,Depressão,Jato de Agua,Esguicho Suave,Sombra,Sombra,Sombra,Sombra,Sombra,Lançamento,Esmagar,Esmagar,Meditação,Meditação,Lança d’Água        ,Lança d’Água        ,Lança d’Água        ,Esmagar,Esmagar,Esmagar,Esmagar,Cura Natural,Sintese,Sintese,Rachadura,Golpe Super Precavido,Golpe Super Precavido,Treinar,Tankar,Golpe Critico,Agilidade,Resetar Forçado,Resetar Forçado,Lixo,Cura Macabra,Cura Macabra,Areia,Esmagar,Esmagar,Bondade,Energia,Energia,Energia,Cura Natural,Crescimento,Tankar,Tankar,Dança da Chuva,Bolhas,Bolhas,Gota Pesada,Gota Pesada,Redemoinho ,Jato de Agua,Charme,Olho que Tudo Ve,Olho que Tudo Ve,Feromonio de Guerra,Revoada,Revoada,Feromonio de Guerra,Bola de Neve,Barreira Psiquica,Curto,Descarga Total,Pilha,Chama,Chama,Chama,Folha Navalha,Folha Navalha,Estocada,Estocada,Estocada,Estocada,,Bola de Agua,Bola de Agua,Barragem Aquatica,Barragem Aquatica,,Investida,Investida,Investida,Investida,Investida,Investida,Investida,Investida,Investida,Investida,Investida,Investida,Investida,Investida,Investida,Investida,Investida,Investida,Bola Especial,Bola Especial,Bola Especial,Fonte Termal,Fonte Termal,Golpe de Concha,Golpe de Concha,Bico Broca,Bico Broca,Grito,Barragem,Barragem,Voar,Voar,Voar,Voar,Voar,Voar,Crescimento,Crescimento,Bolhas,Golpe Marcial,Golpe Marcial,Golpe Marcial,Telecinese,Telecinese
Investida Selvagem,Investida Selvagem,Investida Selvagem,Investida Selvagem,Investida Selvagem,Pancada Seca,Pancada Seca,Pancada Seca,Pancada Seca,Pancada Seca,Pancada Seca,Borrifada,Borrifada,Borrifada,Borrifada,Borrifada,Seda,Seda,Trevo da Sorte,Trevo da Sorte,Envenenar,Envenenar,Barreira Aspera,Barreira Aspera,Tiro de Penas,Tiro de Penas,Tiro de Penas,Tiro de Penas,Inveja,Inveja,Inveja,Inveja,Voar,Voar,Dominio do Solo,Dominio do Solo,Cantar,Pilha,Pilha,Pilha,Pilha,Rachadura,Rachadura,Rachadura,Rachadura,Dominio do Solo,Dominio do Solo,Dominio do Solo,Dominio do Solo,Dominio do Solo,Dominio do Solo,Poeira Cósmica,Brilho,Proteger,Estouro Solar,Estouro Solar,Labareda,Labareda,,Amizade,Gelinho,Ventinho,Revoada,Cabeçada Zen,Tiro de Semente,Dança da Chuva,Borrifada,Dança da Chuva,Tiro de Semente,Martelo Carangueijo,Mordida de Inseto,Seda,Dominio do Solo,Areia,Areia,Ataque Rapido,Ataque Rapido,Ataque Rapido,Ataque Rapido,Ataque Rapido,Ataque Rapido,Ataque Rapido,Pulso de Agua,Jato de Agua,Preparativo,Soco,Soco,Tiro Flamejante,Tiro Flamejante,Foguinho,Foguinho,Bolhas,Esguicho Suave,Esguicho Suave,Esguicho Suave,Toque Mental,Teleporte,Teleporte,Teleporte,Treinar,Pancada Seca,Pancada Seca,Pancada Seca,Raizes,Crescimento,Crescimento,Gota Pesada,Jato de Agua,Rachadura,Rachadura,Areia,Areia,Treinar,Treinar,Estouro Solar,Estouro Solar,Superaquecer,Superaquecer,Gota Pesada,Esguicho Suave,Esguicho Suave,Esguicho Suave,Esguicho Suave,Esguicho Suave,Curto,Curto,Curto,Curto,Concentração,Preparativo,Karate,Investida Selvagem,Jato de Agua,Jato de Agua,Corrupção,Corrupção,Corrupção,Corrupção,Golpe de Concha,Jato de Agua,Atravessar,Golpe Noturno,Golpe Noturno,Golpe Noturno,Golpe Noturno,Metalurgia,Lançamento,Lançamento,Concentração,Concentração,Martelo Carangueijo,Golpe de Concha,Golpe de Concha,Faisca,Faisca,Faisca,Faisca,Amizade,Crescimento,Crescimento,Dominio do Solo,Chamar para Briga,Chamar para Briga,Acrobacia,Investida Selvagem,Pancada Seca,Golpe Super Precavido,Barragem,Barragem,Envenenar,Lixo,Lixo,Dominio do Solo,Barreira Ofensiva,Soco Carregado,Grito,Proteger,Proteger,Proteger,Raizes,Cura Natural,Investida Selvagem,Investida Selvagem,Chuva curativa,Dança da Chuva,Dança da Chuva,Aguas Magicas,Aguas Magicas,Toque Mental,Redemoinho ,Salvamento,Proteção Mental,Proteção Mental,Exoesqueleto,Feromonio de Guerra,Feromonio de Guerra,Exoesqueleto,Charme,Tranferencia Mental,,Energizar,Descarga Total,,Queimar,Queimar,Preparativo,Preparativo,Resetar Forçado,Resetar Forçado,Resetar Forçado,Resetar Forçado,,Mergulho Rápido,Mergulho Rápido,Aguas Magicas,Aguas Magicas,,Agilidade,Agilidade,Agilidade,Agilidade,Agilidade,Agilidade,Agilidade,Agilidade,Agilidade,Agilidade,Agilidade,Agilidade,Agilidade,Agilidade,Agilidade,Agilidade,Agilidade,Agilidade,Hiper Raio,Hiper Raio,Hiper Raio,Chuva curativa,Chuva curativa,Picada,Martelo Carangueijo,Golpe de Asa,Golpe de Asa,,Inflar,Inflar,Vendaval,Vendaval,Vendaval,Vendaval,Vendaval,Vendaval,Minhocagem,Minhocagem,Crescimento,Teleporte,Teleporte,Teleporte,Incapacitar,Incapacitar
Borrifada,Borrifada,Borrifada,Borrifada,Borrifada,Foguinho,Foguinho,Foguinho,Foguinho,Foguinho,Foguinho,Esguicho Suave,Esguicho Suave,Esguicho Suave,Esguicho Suave,Esguicho Suave,Mordida de Inseto,Mordida de Inseto,Flor Magica,Flor Magica,Crescimento,Crescimento,Corte serrilhado,Corte serrilhado,Bico Broca,Bico Broca,Bico Broca,Bico Broca,Areia,Areia,Areia,Areia,Bico Broca,Bico Broca,Farpa,Farpa,,Energizar,Energizar,Energizar,Energizar,Dominio do Solo,Dominio do Solo,Dominio do Solo,Dominio do Solo,Lançamento de Terra,Lançamento de Terra,Lançamento de Terra,Lançamento de Terra,Lançamento de Terra,Lançamento de Terra,,Salvamento,Trevo da Sorte,Cavar,Cavar,Estouro Solar,Estouro Solar,,Grito,Charme,Voar,Ventinho,Revoada,Raizes,Sintese,Dança da Chuva,Sintese,Beslico Chocante,Geiser,Rolagem,Mordida de Inseto,Tempestade de Areia,Cavar,Cavar,Agilidade,Agilidade,Agilidade,Agilidade,Agilidade,Agilidade,Agilidade,Cabeçada Zen,Barragem Aquatica,Karate,Preparativo,Preparativo,Labareda,Labareda,Queimar,Queimar,Dança da Chuva,Bolhas,Bolhas,Bolhas,Flutuar,Olho que Tudo Ve,Olho que Tudo Ve,Olho que Tudo Ve,Acrobacia,Crescimento,Crescimento,Crescimento,Absorver,Tiro de Semente,Tiro de Semente,Barragem Aquatica,Gota Pesada,Tremor Focalizado,Tremor Focalizado,Rachadura,Rachadura,Soco,Soco,Ataque em Chamas,Ataque em Chamas,Estouro Solar,Estouro Solar,Fonte Termal,Jato de Agua,Jato de Agua,Jato de Agua,Jato de Agua,Jato de Agua,Onda Elétrica,Onda Elétrica,Onda Elétrica,Onda Elétrica,Ventinho,Chute Rodopio Tornado,Bico Broca,Karate,Surfar,Surfar,Farpa,Farpa,Farpa,Farpa,Beslico Chocante,Golpe de Concha,Lambida,Bola Sombria,Bola Sombria,Bola Sombria,Bola Sombria,Barreira Ofensiva,Metalurgia,Metalurgia,Toque Mental,Toque Mental,Crescimento,Martelo Carangueijo,Martelo Carangueijo,Pilha,Pilha,Pilha,Pilha,Grito,Cura Natural,Cura Natural,Golpe de Ossos,Golpe Marcial,Golpe Marcial,,Soco,Treino em Grupo,Soco Especial,Energia,Energia,Poluição,Envenenar,Envenenar,Lançamento de Terra,Sacrificio,Chamar para Briga,,Tankar,Tankar,Tankar,Chicote de Vinha,Raizes,Esmagar,Esmagar,Charme,Fonte Termal,Fonte Termal,Lança d’Água        ,Lança d’Água        ,Flutuar,Mergulho Rápido,,Telecinese,Telecinese,Corte serrilhado,Exoesqueleto,Exoesqueleto,Corte serrilhado,,Ultrapsiquico,,Vampirismo Energético,Energizar,,Dança do Sol,Dança do Sol,Submissão,Submissão,Barragem,Barragem,Barragem,Barragem,,Explosao Submersa,Explosao Submersa,Fonte Termal,Fonte Termal,,Charme,Charme,Charme,Charme,Charme,Charme,Charme,Charme,Charme,Charme,Charme,Charme,Charme,Charme,Charme,Charme,Charme,Charme,Projétil Metalico,Projétil Metalico,Projétil Metalico,Crescimento,Esfera Hidrocaótica,Seda,Mergulho Rápido,Investida Aérea,Investida Aérea,,Arranhar,Arranhar,Bico Broca,Bico Broca,Bico Broca,Bico Broca,Bico Broca,Bico Broca,Sopro do Dragão,Expurgo dos fracos,Minhocagem,Teletransporte Forçado,Teletransporte Forçado,Teletransporte Forçado,Raio de Confusão,Raio de Confusão
Esguicho Suave,Esguicho Suave,Esguicho Suave,Esguicho Suave,Esguicho Suave,Tapa Quente,Tapa Quente,Tapa Quente,Tapa Quente,Tapa Quente,Tapa Quente,Bolhas,Bolhas,Bolhas,Bolhas,Bolhas,,Barragem,Ataque da natureza,Ataque da natureza,,Barragem,Evolução Incerta,Evolução Incerta,Investida Aérea,Investida Aérea,Investida Aérea,Investida Aérea,Cavar,Cavar,Cavar,Cavar,Sombra,Sombra,Envenenar,Envenenar,,Curto,Curto,Curto,Curto,Proteção Arenosa,Proteção Arenosa,Proteção Arenosa,Proteção Arenosa,Farpa,Farpa,Farpa,Farpa,Farpa,Farpa,,Encanto,Toque Mental,Charme,Charme,Queimadura Eterna,Queimadura Eterna,,Cantar,Bondade,Mordida ,Asas Protetoras,Ventinho,Dreno,Crescimento,Aguas Magicas,Crescimento,Regeneração,Crescimento,Arroto,Feromonio de Guerra,Manipulação do Relevo,Dominio do Solo,Dominio do Solo,Arranhar,Arranhar,Arranhar,Arranhar,Arranhar,Arranhar,Arranhar,Proteção Mental,Surfar,Ás dos Ares,Lançamento,Lançamento,Ataque em Chamas,Ataque em Chamas,Tiro Flamejante,Tiro Flamejante,Jato de Agua,Dança da Chuva,Dança da Chuva,Dança da Chuva,Cabeçada Zen,Toque Mental,Toque Mental,Toque Mental,Soco,Pancada Energizada,Pancada Energizada,Pancada Energizada,Manipulação do Relevo,Raizes,Raizes,Desestabilizar,Barragem Aquatica,Pedregulho,Pedregulho,Proteção Arenosa,Proteção Arenosa,Super Barreira,Super Barreira,Rasante,Rasante,Barreira de Chamas,Barreira de Chamas,Pilha,Gota Pesada,Gota Pesada,Gota Pesada,Gota Pesada,Gota Pesada,Flutuar,Bola Eletrica,Bola Eletrica,Bola Eletrica,Voar,Counter,Barreira de Penas,Bico Broca,Chuva curativa,Chuva curativa,Lixo,Lixo,Lixo,Lixo,Gelinho,Explosao Submersa,Susto,Atravessar,Massacre,Massacre,Massacre,Cauda Violenta,Barreira Ofensiva,Barreira Ofensiva,Cabeçada Zen,Cabeçada Zen,Beslico Chocante,Cachoeira,Cachoeira,Energizar,Energizar,Descarga Total,Descarga Total,,Ataque da natureza,Ataque da natureza,Pedregulho,Areia,Areia,,Barreira de Folego,Socos Multiplos,Treino em Grupo,Tankar,Tankar,Fumaça Tóxica,Poluição,Poluição,Poder da Terra,Areia,Combate Corporal,,Esmagar,Esmagar,Esmagar,Amnesia,Seiva Misteriosa,Submissão,Submissão,Encanto,Lança d’Água        ,Lança d’Água        ,Cura Natural,Torrente Vital,Areia,Absorção total,,Incapacitar,Incapacitar,Lamina Orgânica,Corte serrilhado,Corte serrilhado,Lamina Orgânica,,Gelinho,,Curto,Vampirismo Energético,,Tiro Flamejante,Tiro Flamejante,Seda,Seda,Investida,Investida,Investida,Investida,,Geiser,Geiser,Golpe de Concha,Golpe de Concha,,Voz Ousada,Voz Ousada,Voz Ousada,Voz Ousada,Voz Ousada,Voz Ousada,Voz Ousada,Voz Ousada,Voz Ousada,Voz Ousada,Voz Ousada,Voz Ousada,Voz Ousada,Voz Ousada,Voz Ousada,Voz Ousada,Voz Ousada,Voz Ousada,,Amplificação,Tiro Espacial,Ninho Protetor,Pulso de Agua,Areia,Pulso de Agua,Vento Forte,Vento Forte,,Proteger,Proteger,Passaro Bravo,Passaro Bravo,Passaro Bravo,Passaro Bravo,Passaro Bravo,Passaro Bravo,Barreira Dragônica,Sacrificio,Voar,Aceleração Mental,Aceleração Mental,Aceleração Mental,Psiquico Desgastante,Psiquico Desgastante
Sintese,Sintese,Sintese,Sintese,Sintese,Chama,Chama,Chama,Chama,Chama,Chama,Jato de Agua,Jato de Agua,Jato de Agua,Jato de Agua,Jato de Agua,,Ninho Protetor,Tornado de Folhas,Tornado de Folhas,,Ninho Protetor,Canibalismo Filial,Canibalismo Filial,Grito,Grito,Grito,Grito,,,Provocar,Provocar,,Resetar Forçado,Acido,Acido,,Choque do Trovão,Choque do Trovão,Choque do Trovão,Choque do Trovão,Barragem,Barragem,Barragem,Barragem,Arroto,Arroto,Arroto,Arroto,Arroto,Arroto,,Autruismo,Charme,,,Barreira de Chamas,Barreira de Chamas,,Musica Ambiente,Amizade,Lixo,Voar,Asas Protetoras,Regeneração,Cura Natural,Sintese,Cura Natural,Casulo Improvisado,Tiro de Semente,Acido,Infestação,Polida Estratégica,Tempestade de Areia,Tempestade de Areia,Acrobacia,Acrobacia,Acrobacia,Investida Selvagem,Investida Selvagem,Acrobacia,Acrobacia,Confusão,Bola de Agua,,Soco Carregado,Soco Carregado,Cavar,Cavar,Labareda,Labareda,Mergulho Rápido,Jato de Agua,Jato de Agua,Jato de Agua,Psiquico Desgastante,Flutuar,Flutuar,Flutuar,Preparativo,Treinar,Treinar,Treinar,Arroto,Absorver,Seiva Misteriosa,Aceleração Mental,Explosao Submersa,Polida Estratégica,Polida Estratégica,Tremor Focalizado,Tremor Focalizado,Destruição,Destruição,Sacrificio,Sacrificio,Ataque em Chamas,Ataque em Chamas,Cabeçada Zen,Barragem Aquatica,Barragem Aquatica,Barragem Aquatica,Colapso Mental,Colapso Mental,Projétil Metalico,Desestabilizar,Desestabilizar,Desestabilizar,Tiro de Penas,1 Contra Todos,Areia,Barreira de Penas,Jato Duplo,Esfera Hidrocaótica,Arroto,Arroto,Arroto,Arroto,Cristalizar,Controle do Oceano,Envenenar,Lambida,Breu,Breu,Breu,Dominio do Solo,Barragem de Metal,Barragem de Metal,Super Meditação ,Super Meditação ,Afiar,Crescimento,Crescimento,Rolagem,Rolagem,Energizar,Energizar,,Mega Dreno,Mega Dreno,Pedra Especial,Rachadura,Rachadura,,Chute Rodopio Tornado,Soco Carregado,Karate,Investida Selvagem,Investida Selvagem,Gás Venenoso,Fumaça Tóxica,Fumaça Tóxica,Polida Estratégica,Dominio do Solo,Barreira Ofensiva,,Regeneração,Regeneração,Regeneração,Seda,Chicote de Vinha,Queda Sísmica,Queda Sísmica,Poeira Cósmica,Chuva curativa,Chuva curativa,Mordida ,Bola de Agua,Poeira Cósmica,Pulso de Agua,,Barreira Psiquica,Barreira Psiquica,Tesoura X,Lamina Orgânica,Lamina Orgânica,Tesoura X,,Bola de Neve,,Consumir,Curto,,Labareda,Labareda,Feromonio de Guerra,Feromonio de Guerra,Grito de Guerra,Grito de Guerra,Grito de Guerra,Grito de Guerra,,Golpe Abissal,Golpe Abissal,Torrente Vital,Torrente Vital,,,,Esguicho Suave,Esguicho Suave,Faisca,Faisca,Foguinho,Foguinho,Olho que Tudo Ve,Olho que Tudo Ve,Sombra,Sombra,Crescimento,Crescimento,Bola de Neve,Bola de Neve,Toque Fabuloso,Toque Fabuloso,,Volume Máximo,Controle Total,Areia,Crescimento,Revestimento Rochoso,Acrobacia,Intimidar,Intimidar,,Tankar,Tankar,Tornado,Tornado,Tornado,Tornado,Tornado,Tornado,Areia,Sopro do Dragão,Tornado Central,Disturbio,Disturbio,Disturbio,Mente Mágica,Mente Mágica
Crescimento,Crescimento,Crescimento,Crescimento,Crescimento,Queimar,Queimar,Queimar,Queimar,Queimar,Queimar,Golpe de Concha,Golpe de Concha,Golpe de Concha,Golpe de Concha,Golpe de Concha,,Casulo Improvisado,Regeneração,Regeneração,,Casulo Improvisado,Devorar,Devorar,,Voo Alto,Voo Alto,Voo Alto,,,Barragem,Barragem,,Investida Selvagem,Acido Especial,Acido Especial,,Bola Eletrica,Bola Eletrica,Bola Eletrica,Bola Eletrica,,,Golpe Critico,Golpe Critico,,Arranhar,Arranhar,,Arranhar,Arranhar,,Amizade,Brilho,,,Incendiar,Incendiar,,Voz desarmadora,Barragem Magica,Envenenar,Investida Aérea,Voar,Envenenar,Tiro de Semente,Crescimento,Tiro de Semente,Mordida de Inseto,Raizes,Acido Especial,Canibalismo Filial,Voz Ousada,Manipulação do Relevo,Manipulação do Relevo,Olhar Frio,Olhar Frio,Olhar Frio,Golpe Super Precavido,Golpe Super Precavido,Olhar Frio,Olhar Frio,,Mergulho Rápido,,Karate,Karate,Grito,Grito,Barreira de Chamas,Barreira de Chamas,Trevo da Sorte,Redemoinho ,Barragem Aquatica,Redemoinho ,Visão do além ,Cabeçada Zen,Cabeçada Zen,Cabeçada Zen,Treino em Grupo,Acrobacia,Acrobacia,Acrobacia,Acido,Mega Dreno,Absorver,Envenenar,Golpe Abissal,Pedra Especial,Pedra Especial,Tremor,Tremor,Areia,Areia,Areia,Areia,Bola de Fogo,Bola de Fogo,Confusão,Fonte Termal,Fonte Termal,Fonte Termal,Fonte Termal,Fonte Termal,Barreira Ofensiva,Flutuar,Flutuar,Flutuar,,Ventinho,,Passaro Bravo,Acrobacia,Pulso de Agua,Poluição,Poluição,Poluição,Poluição,Sombra,Golpe Abissal,Acido Especial,Susto,Atravessar,Atravessar,Atravessar,Queda Sísmica,Impacto de Aço,Impacto de Aço,Proteção Mental,Proteção Mental,Corte,Beslico Chocante,Beslico Chocante,Autodestruição,Autodestruição,Desestabilizar,Desestabilizar,,Raio Solar,Raio Solar,,Dominio do Solo,Dominio do Solo,,Chute Duplo,Contra Ataque,Chute Rodopio Tornado,Esguicho Suave,Esmagar,Gás Corrosivo,Contaminar,Contaminar,Pedra Dupla,Lançamento de Terra,Sacrificio,,Golpe Espelhado,Golpe Espelhado,Golpe Espelhado,Sombra,Hiper Dreno,Quebra Chão,Quebra Chão,,Geiser,Geiser,,Explosao Submersa,Dança Gravitacional,Jato Duplo,,Psiquico Desgastante,Psiquico Desgastante,Canibalismo Filial,Tesoura X,Tesoura X,Canibalismo Filial,,Cristalizar,,Pancada Energizada,Barreira Energetica,,Ferver,Ferver,Barreira Aspera,Barreira Aspera,Chifrada,Chifrada,Chifrada,Chifrada,,Cachoeira,Cachoeira,Esfera Hidrocaótica,Esfera Hidrocaótica,,,,Jato de Agua,Jato de Agua,Pilha,Pilha,Chama,Chama,Depressão,Depressão,Nas Sombras,Nas Sombras,Cura Natural,Cura Natural,Floco Prismatico,Floco Prismatico,Bondade,Bondade,,,Amplificação,Revestimento Rochoso,Ninho Protetor,Pedregulho,Picada,Lança Etérea,Lança Etérea,,Esmagar,Esmagar,Dança da Chuva,Dança da Chuva,Pilha,Pilha,Aquecer,Aquecer,Poeira Cósmica,Intimidar,Ciclone,Barreira Psiquica,Barreira Psiquica,Barreira Psiquica,Raio Psiquico,Raio Psiquico
Cura Natural,Cura Natural,Cura Natural,Cura Natural,Cura Natural,Labareda,Labareda,Labareda,Labareda,Labareda,Labareda,Chuva curativa,Chuva curativa,Chuva curativa,Chuva curativa,Chuva curativa,,,Seda,Seda,,,Olhar Frio,Olhar Frio,,Rajada de Vento,Rajada de Vento,Rajada de Vento,,,Hiper Presa,Hiper Presa,,Golpe de Asa,Mordida,Mordida,,Cauda de Ferro,Cauda de Ferro,Cauda de Ferro,Cauda de Ferro,,,Arranhar,Arranhar,,Proteger,Proteger,,Proteger,Proteger,,Poeira Cósmica,Salvamento,,,Vampirismo Energético,Vampirismo Energético,,Amplificação,Grito,Eco Galactico,Vento Forte,Investida Aérea,Charme,Raizes,Cura Natural,Raizes,Corte serrilhado,Mega Dreno,,Voar,,Tiro de Lama,Tiro de Lama,Inveja,Inveja,Inveja,Acrobacia,Acrobacia,Inveja,Inveja,,Esfera Hidrocaótica,,Chamar para Briga,Chamar para Briga,Mordida,Mordida,Ataque em Chamas,Ataque em Chamas,Toque Mental,Mergulho Rápido,Redemoinho ,Mergulho Rápido,Areia,Teletransporte Forçado,Super Meditação ,Super Meditação ,Karate,Soco,Soco,Soco,Acido Especial,Bomba de Semente,Ataque da natureza,Poluição,Desestabilizar,Voz Ousada,Voz Ousada,Pedregulho,Pedregulho,Rachadura,Rachadura,Charme,Charme,Investida Flamejante,Investida Flamejante,Amnesia,Golpe de Concha,Golpe de Concha,Golpe de Concha,Ultrapsiquico,Ultrapsiquico,Imã,Projétil Metalico,Projétil Metalico,Projétil Metalico,,Voar,,Areia,Gelinho,Jato Duplo,Bomba de Lodo,Bomba de Lodo,Bomba de Lodo,Bomba de Lodo,Lambida,Beslico Chocante,Radiação,Maldade,Lambida,Lambida,Lambida,Quebra Chão,Super Barreira,Super Barreira,Confusão,Confusão,Areia,Afiar,Afiar,,,Raio,Raio,,Cabeçada Zen,Cabeçada Zen,,Tempestade de Areia,Tempestade de Areia,,1 Contra Todos,Nocaute,Chute Pirueta Aéreo,Aquecer,Esguicho Suave,,Gás Venenoso,Gás Venenoso,Barreira Rochosa,Queda Sísmica,Areia,,Territorio Sagrado,Barreira Inteligente,Barreira Inteligente,Musica Alta,Lançamento,Revestimento Rochoso,Revestimento Rochoso,,Pulso de Agua,Controle do Oceano,,Golpe Abissal,Eco Galactico,Toque Mental,,Charme,Congelamento Tatico,Expurgo dos fracos,Canibalismo Filial,Canibalismo Filial,Expurgo dos fracos,,Gelo Verdadeiro,,Sobrecarga,Consumir,,Estouro Solar,Estouro Solar,Corte serrilhado,Corte serrilhado,Investida Selvagem,Investida Selvagem,Investida Selvagem,Investida Selvagem,,Devorar,Devorar,Controle do Oceano,Controle do Oceano,,,,Barragem Aquatica,Barragem Aquatica,Descarga Total,Descarga Total,Suspiro de Fogo,Suspiro de Fogo,Super Meditação ,Super Meditação ,Nevoa Sombria,Nevoa Sombria,Tiro de Semente,Tiro de Semente,Cristalizar,Cristalizar,Ataque Maravilhoso,Ataque Maravilhoso,,,Volume Máximo,Pedregulho,Mordida de Inseto,Pedra Especial,Seda,Revestimento Rochoso,Revestimento Rochoso,,Bolhas,Bolhas,Lança d’Água        ,Lança d’Água        ,Descarga Total,Descarga Total,Dança do Sol,Dança do Sol,,Barreira Dragônica,Expurgo dos fracos,Colapso Mental,Colapso Mental,Colapso Mental,Poder Ancião,Poder Ancião
Tiro de Semente,Tiro de Semente,Tiro de Semente,Tiro de Semente,Tiro de Semente,Beslico Chocante,Beslico Chocante,Beslico Chocante,Beslico Chocante,Beslico Chocante,Beslico Chocante,Concentração,Concentração,Concentração,Concentração,Concentração,,,Mordida de Inseto,Mordida de Inseto,,,Voar,Voar,,Rasante,Rasante,Rasante,,,Vingança,Vingança,,Vento Forte,,Estocada,,Grito,Grito,Grito,Grito,,,Perseguição,Perseguição,,Concentração,Investida Selvagem,,Concentração,Investida Selvagem,,Dança Gravitacional,Encanto,,,Territorio Sagrado,Territorio Sagrado,,,Cantar,Grito,Mordida ,Vento Forte,Bondade,Dreno,Tiro de Semente,Dreno,Afiar,Beslico Chocante,,Voo Estrategico,,Poder da Terra,Poder da Terra,,,,Olhar Frio,Olhar Frio,Massacre,Massacre,,Pulso de Agua,,Barreira de Folego,Barreira de Folego,,,Investida Flamejante,Investida Flamejante,Charme,Trevo da Sorte,Torrente Vital,Trevo da Sorte,,Confusão,Teletransporte Forçado,Teletransporte Forçado,Pedregulho,Preparativo,Preparativo,Preparativo,,Feromonio de Guerra,Mega Dreno,Extração,Socos Multiplos,Provocar,Provocar,Polida Estratégica,Polida Estratégica,Proteção Arenosa,Proteção Arenosa,,,Vampirismo Energético,Vampirismo Energético,,Torrente Vital,Torrente Vital,Torrente Vital,Torrente Vital,Torrente Vital,,Barreira Ofensiva,Barreira Ofensiva,Barreira Ofensiva,,Tiro de Penas,,Ataque Hipersonico,Floco Prismatico,Acrobacia,,,Devorar,Devorar,,Gelinho,Distorção,Jogada de Sorte,Susto,Susto,Susto,Revestimento Rochoso,Super Infincada,Super Infincada,Amnesia,Amnesia,Proteção Arenosa,Corte,Corte,,,Sobrecarga,Sobrecarga,,Telecinese,Telecinese,,Manipulação do Relevo,Manipulação do Relevo,,Chamar para Briga,Counter,Golpe Marcial,Submissão,Aquecer,,Gás Corrosivo,Gás Corrosivo,,Poder da Terra,Dominio do Solo,,Salvamento,Territorio Sagrado,Territorio Sagrado,,Chamar para Briga,,,,Diluvio,Pulso de Agua,,Jato Triplo,,Flutuar,,Salvamento,Floco Prismatico,Vingança,Expurgo dos fracos,Expurgo dos fracos,Vingança,,Barreira Congelada,,Jogada de Sorte,Pancada Energizada,,Queimadura Eterna,Queimadura Eterna,Carcomer,Carcomer,1 Contra Todos,1 Contra Todos,1 Contra Todos,1 Contra Todos,,Tornado Central,Tornado Central,Diluvio,Diluvio,,,,Aguas Magicas,Aguas Magicas,Energizar,Energizar,Tiro Flamejante,Tiro Flamejante,Aceleração Mental,Aceleração Mental,Golpe Noturno,Golpe Noturno,Raizes,Raizes,Gelo Verdadeiro,Gelo Verdadeiro,Ataque de positividade,Ataque de positividade,,,,Chuva Aspera,Barreira Aspera,,Exoesqueleto,Chuva Aspera,Chuva Aspera,,Mordida ,Mordida ,Diluvio,Diluvio,Onda Elétrica,Onda Elétrica,Tiro Flamejante,Tiro Flamejante,,Cauda Violenta,Sacrificio,Lamina Psiquica,Lamina Psiquica,Lamina Psiquica,Bondade,Bondade
Dreno,Dreno,Dreno,Dreno,Dreno,Acrobacia,Acrobacia,Acrobacia,Acrobacia,Acrobacia,Acrobacia,Revestimento Rochoso,Revestimento Rochoso,Revestimento Rochoso,Revestimento Rochoso,Revestimento Rochoso,,,Doação de Energia,Doação de Energia,,,Rasante,Rasante,,Passaro Bravo,Passaro Bravo,Passaro Bravo,,,Golpe Cruel,Golpe Cruel,,Dominação,,Hiper Presa,,,,Bola Especial,Bola Especial,,,Afiar,Afiar,,Soco,Crescimento,,Soco,Crescimento,,Tiro Espacial,Benção,,,Cavar,Cavar,,,Musica Ambiente,Som Angustiante,Lixo,Rasante,,Flor Magica,Raizes,Flor Magica,Corte,Preparativo,,Rolagem,,Polida Estratégica,Polida Estratégica,,,,Inveja,Inveja,Susto,Susto,,Jato Duplo,,Nocaute,Golpe Marcial,,,Explosão Ardente,Explosão Ardente,,Treinar,Mergulho Rápido,Treinar,,Disturbio,Confusão,Confusão,Autruismo,Soco Especial,Soco Especial,Soco Especial,,Manipulação do Relevo,Bomba de Semente,Contaminar,Aceleração Mental,,,Pedra Especial,Pedra Especial,Tremor Focalizado,Tremor Focalizado,,,Rasante,Rasante,,Cabeçada Zen,Cabeçada Zen,Cabeçada Zen,Cabeçada Zen,Cabeçada Zen,,Barreira Inteligente,Barreira Inteligente,Barreira Inteligente,,Barreira de Penas,,,Magia Gelida,Gelinho,,,Sem Fraquezas,Sem Fraquezas,,Cristalizar,,Mão Espectral,Maldade,Maldade,Maldade,Polida Estratégica,Cauda Violenta,Cauda Violenta,Visão do além ,Telecinese,Dança Gravitacional,Corte e Recorte,Corte e Recorte,,,Descarga Descomunal,Descarga Descomunal,,Incapacitar,Incapacitar,,Proteção Arenosa,Proteção Arenosa,,Golpe Diminutivo,Pancada Energizada,Ás dos Ares,Lambida,Submissão,,Escudo Tóxico,Escudo Tóxico,,Quebra Chão,Lançamento de Terra,,Bondade,Salvamento,Salvamento,,Combate Corporal,,,,Olhar Cruel,Golpe Abissal,,Cura Natural,,Disturbio,,Ataque Maravilhoso,Barreira Congelada,Golpe Cruel,Vingança,Vingança,Golpe Cruel,,Magia Gelida,,,Ultra Raio Aleatorio,,Bola de Fogo,Barreira de Chamas,Tesoura X,Tesoura X,Barreira Ofensiva,Barreira Ofensiva,Barreira Ofensiva,Barreira Ofensiva,,Rasante,Rasante,Tsunami,Tsunami,,,,Lança d’Água        ,Lança d’Água        ,Curto,Curto,Labareda,Labareda,Disturbio,Disturbio,Dominação,Dominação,Dreno,Dreno,Geada,Geada,Amizade,Amizade,,,,Fragmento Incisivo,Susto,,Corte serrilhado,Fragmento Incisivo,Fragmento Incisivo,,Queda Sísmica,Queda Sísmica,Congelamento Tatico,Congelamento Tatico,Choque do Trovão,Choque do Trovão,Labareda,Labareda,,Ataque Majestoso,Sopro do Dragão,Raio Psiquico,Raio Psiquico,Raio Psiquico,Ataque Maravilhoso,Ataque Maravilhoso
Chicote de Vinha,Chicote de Vinha,Chicote de Vinha,Chicote de Vinha,Chicote de Vinha,Areia,Areia,Areia,Areia,Areia,Areia,Grito,Grito,Grito,Grito,Grito,,,Nevoa de Feromonios,Nevoa de Feromonios,,,Expurgo dos fracos,Expurgo dos fracos,,Impulso Aéreo,Impulso Aéreo,Impulso Aéreo,,,Super Grito,Super Grito,,Vingança,,Vingança,,,,Eletrochoque,Eletrochoque,,,Corte e Recorte,Corte e Recorte,,Rachadura,Concentração,,Rachadura,Concentração,,Musica Ambiente,Autruismo,,,Charme,Charme,,,Voz desarmadora,,Envenenar,Ás dos Ares,,Seiva Misteriosa,Dreno,Seiva Misteriosa,Areia,Regeneração,,Arroto,,Poder Ancião,Poder Ancião,,,,Vingança,Vingança,Afiar,Afiar,,Cabeçada Zen,,Ás dos Ares,Nocaute,,,Mordida ,Mordida ,,Soco,Golpe Abissal,Soco,,Telecinese,Disturbio,Disturbio,,Lançamento,Lançamento,Lançamento,,Arroto,Feromonio de Guerra,,Olhar Cruel,,,Pedra Dupla,Pedra Dupla,Tremor,Tremor,,,Sacrificio,Sacrificio,,Proteção Mental,Proteção Mental,Proteção Mental,Proteção Mental,Proteção Mental,,Imã,Imã,Imã,,Expurgo dos fracos,,,Musica Ambiente,Floco Prismatico,,,Tiro de Lama,Tiro de Lama,,Barreira Congelada,,Maldição,Jogada de Sorte,Jogada de Sorte,Jogada de Sorte,Pedra Especial,Rachadura,Rachadura,,Incapacitar,,Areia,Areia,,,Super Barreira,Super Barreira,,Barreira Psiquica,Barreira Psiquica,,Golpe de Ossos,Golpe de Ossos,,,,,Arroto,Lambida,,Vortex Venenoso,Vortex Venenoso,,Terremoto,Queda Sísmica,,Autruismo,Bondade,Bondade,,Amnesia,,,,Corrupção,Diluvio,,Mordida ,,Raio Psiquico,,Positividade total,Magia Gelida,Afiar,Golpe Cruel,Golpe Cruel,Afiar,,Reinado de Gelo,,,Sobrecarga,,,Incendiar,Canibalismo Filial,Canibalismo Filial,Sem Fraquezas,Sem Fraquezas,Sem Fraquezas,Sem Fraquezas,,Ciclone,Ciclone,Gelo Verdadeiro,Gelo Verdadeiro,,,,Absorção total,Absorção total,Eletrochoque,Eletrochoque,Ferver,Ferver,Telecinese,Telecinese,Confronto Trevoso,Confronto Trevoso,Absorver,Absorver,Barreira Congelada,Barreira Congelada,Luz Purificadora,Luz Purificadora,,,,,Areia,,Lamina Orgânica,Pedra Dupla,Pedra Dupla,,Terremoto,Terremoto,Floco Prismatico,Floco Prismatico,Investida do trovão,Investida do trovão,Estouro Solar,Estouro Solar,,Areia,Intimidar,Ultrapsiquico,Ultrapsiquico,Ultrapsiquico,Trinca Luminescente,Trinca Luminescente
Regeneração,Regeneração,Regeneração,Regeneração,Regeneração,Pedregulho,Pedregulho,Pedregulho,Pedregulho,Pedregulho,Pedregulho,Cabeçada,Cabeçada,Cabeçada,Cabeçada,Cabeçada,,,Ventinho,Ventinho,,,Adaga das trevas,Adaga das trevas,,,Golpe Super Precavido,Golpe Super Precavido,,,,,,Maldade,,Extração,,,,Raio,Raio,,,Tempestade de Areia,Tempestade de Areia,,Tiro de Lama,Soco,,Tiro de Lama,Soco,,,Amizade,,,Ataque Maravilhoso,Ataque Maravilhoso,,,Amplificação,,Extração,Nas Sombras,,Hiper Dreno,Flor Magica,Hiper Dreno,,Casulo Improvisado,,Acido,,Voz Ousada,Voz Ousada,,,,Perseguição,Perseguição,Corte,Corte,,Proteção Mental,,,Ás dos Ares,,,Ataque Majestoso,Ataque Majestoso,,Toque Mental,Trevo da Sorte,Toque Mental,,Incapacitar,Telecinese,Telecinese,,Treino em Grupo,Treino em Grupo,Treino em Grupo,,Acido,Manipulação do Relevo,,Dominação,,,Escudo de Pedra,Escudo de Pedra,Terremoto,Terremoto,,,Areia,Areia,,Confusão,Confusão,Confusão,Confusão,Confusão,,Ressonância Sonora,Ressonância Sonora,Ressonância Sonora,,Devolver,,,Voz desarmadora,Magia Gelida,,,Escudo Tóxico,Escudo Tóxico,,Tumba de Gelo,,Garras do Além,Crueldade,Crueldade,Crueldade,Pedra Dupla,Dominio do Solo,Dominio do Solo,,Barreira Psiquica,,Proteção Arenosa,Proteção Arenosa,,,Rolagem,Rolagem,,Psiquico Desgastante,Psiquico Desgastante,,Poder da Terra,Poder da Terra,,,,,Positividade total,Arroto,,Poço,Poço,,Polida Estratégica,Poder da Terra,,Grito,Autruismo,Autruismo,,Regeneração,,,,Afiar,Gelo Verdadeiro,,Dominação,,Areia,,Barragem Magica,Tumba de Gelo,Corte,Afiar,Afiar,Corte,,Raio Aurora,,,Descarga Descomunal,,,Bola de Fogo,Expurgo dos fracos,Expurgo dos fracos,Dominio do Solo,Dominio do Solo,Dominio do Solo,Dominio do Solo,,Mordida ,Mordida ,Geada,Geada,,,,Geiser,Geiser,Consumir,Consumir,Queimadura Eterna,Queimadura Eterna,Barreira Psiquica,Barreira Psiquica,Adaga das trevas,Adaga das trevas,Folha Navalha,Folha Navalha,Congelamento,Congelamento,Corrente Mágica,Corrente Mágica,,,,,Proteção Arenosa,,Massacre,Colapso Rochoso,Colapso Rochoso,,Dança Gravitacional,Dança Gravitacional,Gelo Verdadeiro,Gelo Verdadeiro,Bola Eletrica,Bola Eletrica,Barreira de Chamas,Barreira de Chamas,,Poeira Cósmica,Barreira Dragônica,Expurgo dos fracos,Expurgo dos fracos,Expurgo dos fracos,Radiação,Radiação
Doação de Energia,Doação de Energia,Doação de Energia,Doação de Energia,Doação de Energia,Grito,Grito,Grito,Grito,Grito,Grito,,Enraivecer,Enraivecer,Enraivecer,Enraivecer,,,Tornadinho Amigo,Tornadinho Amigo,,,Afiar,Afiar,,,Vendaval,Vendaval,,,,,,,,Drenagem,,,,Choque Triplo,Choque Triplo,,,Tremor Focalizado,Tremor Focalizado,,Pedregulho,Chamar para Briga,,Pedregulho,Chamar para Briga,,,Luz Purificadora,,,,,,,Canto Prolongador,,Eco Galactico,Mordida ,,Meditação,Seiva Misteriosa,Meditação,,Mordida de Inseto,,Acido Especial,,,,,,,Dominio do Solo,Dominio do Solo,Corte Sanguinario,Corte Sanguinario,,Confusão,,,Expurgo dos fracos,,,Cavar,Cavar,,Charme,Treinar,Charme,,Psiquico Desgastante,Incapacitar,Incapacitar,,Socos Multiplos,Socos Multiplos,Socos Multiplos,,Acido Especial,Arroto,,Correntes Eternas,,,Barreira Rochosa,Barreira Rochosa,Pedregulho,Pedregulho,,,Poder da Terra,Poder da Terra,,Amnesia,Amnesia,Amnesia,Amnesia,Amnesia,,,Tankar,Tankar,,Canto Prolongador,,,,Ataque Polar,,,Poço,Poço,,Raio de Gelo,,Envenenar,Mão Espectral,Mão Espectral,Mão Espectral,Barreira Rochosa,Queda Sísmica,Queda Sísmica,,Colapso Mental,,Jato de Areia,Jato de Areia,,,Autodestruição,Autodestruição,,Raio Psiquico,Raio Psiquico,,Pedregulho,Pedregulho,,,,,Eco Galactico,Positividade total,,,,,Pedra Dupla,Quebra Chão,,Canto da imortalidade,Amizade,Amizade,,Seda,,,,Lamina Metalica,Olhar Cruel,,Afiar,,Pedra Especial,,Salvamento Total,Charme,Intimidar,Corte,Corte,Intimidar,,Charme,,,Soco,,,Investida Flamejante,Vingança,Vingança,Manipulação do Relevo,Manipulação do Relevo,Manipulação do Relevo,Manipulação do Relevo,,Confronto Trevoso,Confronto Trevoso,Barreira Congelada,Barreira Congelada,,,,Esfera Hidrocaótica,Esfera Hidrocaótica,Investida do trovão,Investida do trovão,Ataque em Chamas,Ataque em Chamas,Colapso Mental,Colapso Mental,Golpe Diminutivo,Golpe Diminutivo,Chicote de Vinha,Chicote de Vinha,Tumba de Gelo,Tumba de Gelo,Trinca Luminescente,Trinca Luminescente,,,,,Revestimento Rochoso,,Afiar,Bomba de estilhaços,Bomba de estilhaços,,Grito,Grito,Barreira Congelada,Barreira Congelada,Raio,Raio,Ondas de Calor,Ondas de Calor,,,Garra do Dragão,Vingança Completa,Vingança Completa,Vingança Completa,Força G,Força G
Intimidar,Intimidar,Intimidar,Intimidar,Intimidar,,Arranhar,Arranhar,Arranhar,Arranhar,Arranhar,,Golpe Critico,Golpe Critico,Golpe Critico,Golpe Critico,,,Vento Forte,Vento Forte,,,Britadeira,Britadeira,,,Voo Estrategico,Voo Estrategico,,,,,,,,Vortex Venenoso,,,,Radiação,Radiação,,,Tremor,Tremor,,Pedra Especial,Submissão,,Pedra Especial,Submissão,,,Barragem Magica,,,,,,,Musica Alegre,,Grito,Lixo,,Regeneração,Bomba de Semente,Regeneração,,Barreira Aspera,,Esporos Conectados,,,,,,,,,Sem Fraquezas,Sem Fraquezas,,Intimidar,,,Vingança,,,Tremor Focalizado,Tremor Focalizado,,Confusäo,Soco,Chuva curativa,,Visão do além ,Tranferencia Mental,Tranferencia Mental,,Soco Carregado,Soco Carregado,Soco Carregado,,Gás Corrosivo,Acido,,Envenenar,,,Rolagem,Rolagem,Polida Estratégica,Polida Estratégica,,,Charme,Charme,,Telecinese,Telecinese,Telecinese,Telecinese,Telecinese,,,Raio,Raio,,,,,,Raio Aurora,,,Radiação,Radiação,,Sombra,,Acido Especial,Maldição,Maldição,Maldição,Impacto Rochoso,Tremor,Tremor,,Mente Mágica,,Fragmento Incisivo,Fragmento Incisivo,,,,,,Confronto Trevoso,Confronto Trevoso,,Pedra Especial,Pedra Especial,,,,,Super Grito,Eco Galactico,,,,,Barreira Rochosa,Terremoto,,,Força G,Força G,,Sombra,,,,Charme,Corrupção,,Envenenar,,Poeira Cósmica,,Dança Gravitacional,Salvamento,,Corte Sanguinario,Corte Sanguinario,Polida Estratégica,,Ataque Maravilhoso,,,Soco Carregado,,,Fluxo Infernal,Execução,Execução,,,,,,Vingança Completa,Vingança Completa,Magia Gelida,Magia Gelida,,,,Jato Duplo,Jato Duplo,Choque Triplo,Choque Triplo,Bola de Fogo,Bola de Fogo,Raio Psiquico,Raio Psiquico,Breu,Breu,Bomba de Semente,Bomba de Semente,Raio Aurora,Raio Aurora,Corte das Fadas,Corte das Fadas,,,,,Pedregulho,,Corte e Recorte,Pedra Colossal,Pedra Colossal,,,,Reinado de Gelo,Reinado de Gelo,Relãmpago,Relãmpago,Raio de Fogo,Raio de Fogo,,,Cauda Violenta,Cauda Violenta,Cauda Violenta,Cauda Violenta,Distorção,Distorção
Envenenar,Envenenar,Envenenar,Envenenar,Envenenar,,Tiro Flamejante,Tiro Flamejante,Tiro Flamejante,Tiro Flamejante,Tiro Flamejante,,Grito de Guerra,Grito de Guerra,Grito de Guerra,Grito de Guerra,,,Charme,Charme,,,Envenenar,Envenenar,,,Ás dos Ares,Ás dos Ares,,,,,,,,,,,,,,,,Polida Estratégica,Polida Estratégica,,Lixo,Barreira Ofensiva,,Lixo,Barreira Ofensiva,,,Chuva Sintilante,,,,,,,Hiper Voz,,Som Angustiante,Envenenar,,Arroto,Hiper Dreno,Arroto,,Corte serrilhado,,Bomba de Lodo,,,,,,,,,,,,,,,Confronto Trevoso,,,Grito,Grito,,,Soco Carregado,Bola de Agua,,,Colapso Mental,Colapso Mental,,Karate,Karate,Karate,,,Acido Especial,,Poluição,,,Colapso Rochoso,Colapso Rochoso,Pedra Especial,Pedra Especial,,,,,,Incapacitar,Incapacitar,Incapacitar,Incapacitar,Incapacitar,,,Sobrecarga,Sobrecarga,,,,,,Ataque de positividade,,,,,,Confronto Trevoso,,Gás Venenoso,Garras do Além,Garras do Além,Garras do Além,,Quebra Chão,Quebra Chão,,Visão do além ,,Dança Gravitacional,Dança Gravitacional,,,,,,Intimidar,Intimidar,,,,,,,,,Super Grito,,,,,Colapso Rochoso,Polida Estratégica,,,Grito,Grito,,Confronto Trevoso,,,,Encanto,Afiar,,Fluxo Radiante,,Dança Gravitacional,,Voz desarmadora,Ataque Maravilhoso,,Corte e Recorte,Corte e Recorte,Fragmento Incisivo,,Dança Gravitacional,,,Chamar para Briga,,,Inferno,Sem Fraquezas,Sem Fraquezas,,,,,,Intimidar,Intimidar,Raio de Gelo,Raio de Gelo,,,,,,,,,,,,,,,,,,,,,,,,Chuva Aspera,,Areia,Super Grito,Super Grito,,,,Raio Aurora,Raio Aurora,Descarga Descomunal,Descarga Descomunal,Explosão Ardente,Explosão Ardente,,,Ataque Majestoso,Distorção,Distorção,Distorção,Curvatura Espacial,Curvatura Espacial
Acido,Acido,Acido,Acido,Acido,,Bola de Fogo,Bola de Fogo,Bola de Fogo,Bola de Fogo,Bola de Fogo,,Gota Pesada,Gota Pesada,Gota Pesada,Gota Pesada,,,Salvamento,Salvamento,,,Extração,Extração,,,,,,,,,,,,,,,,,,,,,,,Poluição,Rugido,,Poluição,Rugido,,,Salvamento Total,,,,,,,,,Musica Agitada,Extração,,Envenenar,Meditação,Envenenar,,Tesoura X,,Toque Fabuloso,,,,,,,,,,,,,,,Susto,,,,,,,Chamar para Briga,Jato Duplo,,,Psiquico Desgastante,Psiquico Desgastante,,Chamar para Briga,Chamar para Briga,Chamar para Briga,,,Gás Corrosivo,,Extração,,,Voz Ousada,Voz Ousada,Pedra Dupla,Pedra Dupla,,,,,,Raio de Confusão,Raio de Confusão,Raio de Confusão,Raio de Confusão,Raio de Confusão,,,Descarga Descomunal,Descarga Descomunal,,,,,,Musica Ambiente,,,,,,Lambida,,Gás Corrosivo,Ataque Fantasmagórico,Ataque Fantasmagórico,Ataque Fantasmagórico,,Revestimento Rochoso,Revestimento Rochoso,,Autruismo,,,,,,,,,Sem Fraquezas,Sem Fraquezas,,,,,,,,,,,,,,Gema Poderosa,Pedra Dupla,,,Canto da imortalidade,Canto da imortalidade,,Golpe Espelhado,,,,Poeira Cósmica,Lamina Metalica,,Distorção,,Eco Galactico,,Canto da imortalidade,Positividade total,,Liga Metalica,Liga Metalica,Lamina de Cristal,,Força G,,,Combate Corporal,,,Treinar,Queda Sísmica,Queda Sísmica,,,,,,Cauda Violenta,Cauda Violenta,Revestimento Rochoso,Revestimento Rochoso,,,,,,,,,,,,,,,,,,,,,,,,Fragmento Incisivo,,Revestimento Rochoso,,,,,,Raio de Gelo,Raio de Gelo,Chuva de Raios,Chuva de Raios,Inferno,Inferno,,,Golpe Destrutivo,Manipulação Gravitacional,Manipulação Gravitacional,Manipulação Gravitacional,Estrela Cadente,Estrela Cadente
Acido Especial,Acido Especial,Acido Especial,Acido Especial,Acido Especial,,Jato de Fogo,Jato de Fogo,Jato de Fogo,Jato de Fogo,Jato de Fogo,,Barragem Aquatica,Barragem Aquatica,Barragem Aquatica,Barragem Aquatica,,,Encanto,Encanto,,,Drenagem,Drenagem,,,,,,,,,,,,,,,,,,,,,,,,Rachadura,,,Rachadura,,,Poeira Cósmica,,,,,,,,,Ataque Hipersonico,Vortex Venenoso,,Acido Especial,Regeneração,Acido Especial,,Afiar,,Super Grito,,,,,,,,,,,,,,,Golpe Cruel,,,,,,,Barreira de Folego,Autruismo,,,Raio Psiquico,Raio Psiquico,,Barreira de Folego,Barreira de Folego,Barreira de Folego,,,Bomba de Lodo,,Contaminar,,,Provocar,Provocar,Escudo de Pedra,Escudo de Pedra,,,,,,,,,Ataque Majestoso,Ataque Majestoso,,,Liga Metalica,Liga Metalica,,,,,,Voz desarmadora,,,,,,Devorador de Pecados,,Radiação,Envenenar,Envenenar,Envenenar,,Polida Estratégica,Polida Estratégica,,Som Angustiante,,,,,,,,,Ataque Majestoso,Ataque Majestoso,,,,,,,,,,,,,,,Escudo de Pedra,,,Musica Alegre,Musica Alegre,,Musica Alta,,,,,Sopro do Dragão,,Curvatura Espacial,,Estrela Cadente,,Melodia Anticlimática,Barragem Magica,,Intimidar,Intimidar,Colapso Rochoso,,Controle Total,,,1 Contra Todos,,,Chamar para Briga,,,,,,,,Super Grito,Super Grito,Bondade,Bondade,,,,,,,,,,,,,,,,,,,,,,,,Barreira Rochosa,,Pedregulho,,,,,,Eco Galactico,Eco Galactico,Eco Galactico,Eco Galactico,Eco Galactico,Eco Galactico,,,Investida Dragonica,Raio Cosmico,Raio Cosmico,Raio Cosmico,Supernova,Supernova
Bondade,Bondade,Bondade,Bondade,Bondade,,Afiar,Afiar,Afiar,Afiar,Afiar,,Geiser,Geiser,Geiser,Geiser,,,Benção,Benção,,,Som Angustiante,Som Angustiante,,,,,,,,,,,,,,,,,,,,,,,,Queda Sísmica,,,Queda Sísmica,,,Dança Gravitacional,,,,,,,,,,Eco Galactico,,Charme,Arroto,Charme,,Corte,,Amplificação,,,,,,,,,,,,,,,Garras do Além,,,,,,,Submissão,Positividade total,,,Bola Sombria,Bola Sombria,,Missil de Punho,Missil de Punho,Missil de Punho,,,Vortex Venenoso,,Poço,,,,,Barreira Rochosa,Barreira Rochosa,,,,,,,,,,,,,Autodestruição,Autodestruição,,,,,,Canto Prolongador,,,,,,Super Barreira,,Distorção,Acido Especial,Acido Especial,Acido Especial,,Pedra Especial,Pedra Especial,,,,,,,,,,,Tremor,Tremor,,,,,,,,,,,,,,,Barreira Rochosa,,,,,,Musica Agitada,,,,,Juramento do Dracomante,,,,Controle Total,,,Salvamento Total,,,,,,Voz desarmadora,,,Jogada de Sorte,,,Golpe Marcial,,,,,,,,,,Amplificação,Amplificação,,,,,,,,,,,,,,,,,,,,,,,,Impacto Rochoso,,Polida Estratégica,,,,,,,,,,,,,,Areia,Som Atordoante,Som Atordoante,Som Atordoante,Amplificação,Amplificação
,Dança do Sol,Dança do Sol,Dança do Sol,Dança do Sol,,Sem Fraquezas,Sem Fraquezas,Sem Fraquezas,Sem Fraquezas,Sem Fraquezas,,Jato Duplo,Jato Duplo,Jato Duplo,Jato Duplo,,,Corrente Mágica,Corrente Mágica,,,Enraivecer,Enraivecer,,,,,,,,,,,,,,,,,,,,,,,,Tiro de Lama,,,Tiro de Lama,,,Tiro Espacial,,,,,,,,,,Grito,,Bondade,Envenenar,Bondade,,Super Barreira,,,,,,,,,,,,,,,,,Ataque Fantasmagórico,,,,,,,Toque Mental,Super Grito,,,Visão do além ,Visão do além ,,Submissão,Submissão,Submissão,,,,,,,,,,Rolagem,Rolagem,,,,,,,,,,,,,Distorção,Distorção,,,,,,Bomba Sonora,,,,,,Canto da imortalidade,,,Gás Venenoso,Gás Venenoso,Gás Venenoso,,Pedra Dupla,Pedra Dupla,,,,,,,,,,,Amizade,Amizade,,,,,,,,,,,,,,,Colapso Rochoso,,,,,,,,,,,Lança Etérea,,,,Raio Cosmico,,,Trinca Luminescente,,,,,,Canto Prolongador,,,,,,Contra Ataque,,,,,,,,,,Canto da imortalidade,Canto da imortalidade,,,,,,,,,,,,,,,,,,,,,,,,,,Pedra Especial,,,,,,,,,,,,,,Pedra Dupla,,,,Canto da imortalidade,Canto da imortalidade
,Flor Magica,Flor Magica,Flor Magica,Flor Magica,,,Raio de Fogo,Raio de Fogo,Raio de Fogo,Raio de Fogo,,Vampirismo Energético,Vampirismo Energético,Vampirismo Energético,Vampirismo Energético,,,,,,,,,,,,,,,,,,,,,,,,,,,,,,,,Poder da Terra,,,Poder da Terra,,,Estrela Cadente,,,,,,,,,,Som Angustiante,,,Acido Especial,Ataque da natureza,,Areia,,,,,,,,,,,,,,,,,,,,,,,,Vingança,Canto da imortalidade,,,,,,Pedregulho,Combate Corporal,Combate Corporal,,,,,,,,,,Colapso Rochoso,Colapso Rochoso,,,,,,,,,,,,,Volume Máximo,Volume Máximo,,,,,,,,,,,,,,,Gás Corrosivo,Gás Corrosivo,Gás Corrosivo,,Barreira Rochosa,Barreira Rochosa,,,,,,,,,,,Grito,Grito,,,,,,,,,,,,,,,Gema Poderosa,,,,,,,,,,,Ataque Majestoso,,,,,,,Dança Gravitacional,,,,,,,,,,,,Expurgo dos fracos,,,,,,,,,,Bomba Sonora,Bomba Sonora,,,,,,,,,,,,,,,,,,,,,,,,,,Lamina de Cristal,,,,,,,,,,,,,,Pedra Colossal,,,,,
,Seiva Misteriosa,Seiva Misteriosa,Seiva Misteriosa,Seiva Misteriosa,,,Voo Alto,Voo Alto,Voo Alto,Voo Alto,,Soco,Soco,Soco,Soco,,,,,,,,,,,,,,,,,,,,,,,,,,,,,,,,Quebra Chão,,,Quebra Chão,,,Fragmento Celeste,,,,,,,,,,Voz desarmadora,,,Drenagem,Salvamento Total,,Proteção Arenosa,,,,,,,,,,,,,,,,,,,,,,,,,Melodia Anticlimática,,,,,,Autruismo,Golpe Cruzado,Golpe Cruzado,,,,,,,,,,Pedra Colossal,Pedra Colossal,,,,,,,,,,,,,,,,,,,,,,,,,,,,,Vortex Venenoso,Vortex Venenoso,Vortex Venenoso,,Impacto Rochoso,Impacto Rochoso,,,,,,,,,,,Batida Ritimica,Batida Ritimica,,,,,,,,,,,,,,,Pedra Colossal,,,,,,,,,,,Charme,,,,,,,Voz desarmadora,,,,,,,,,,,,Devolver,,,,,,,,,,,, ,,,,,,,,,,,,,,,,,,,,,,,,,Impacto Rochoso,,,,,,,,,,,,,,Poeira Cósmica,,,,,
,Folha Navalha,Folha Navalha,Folha Navalha,Folha Navalha,,,Asas Protetoras,Asas Protetoras,Asas Protetoras,Asas Protetoras,,Expurgo dos fracos,Expurgo dos fracos,Expurgo dos fracos,Expurgo dos fracos,,,,,,,,,,,,,,,,,,,,,,,,,,,,,,,,Pedregulho,,,Pedregulho,,,Explosão Lunar,,,,,,,,,,Melodia Anticlimática,,,Charme,Melodia Anticlimática,,,,,,,,,,,,,,,,,,,,,,,,,,,,,,,,,,Tornado,Tornado,,,,,,,,,,Autodestruição,Autodestruição,,,,,,,,,,,,,,,,,,,,,,,,,,,,,Radiação,Radiação,Radiação,,Força G,Força G,,,,,,,,,,,,,,,,,,,,,,,,,,,Tremor Sonoro,,,,,,,,,,,Encanto,,,,,,,Canto da imortalidade,,,,,,,,,,,,,,,,,,,,,,,,,,,,,,,,,,,,,,,,,,,,,,,,,,,,,,,,,,,,,,,,,,,,
,Dança das Pétalas,Dança das Pétalas,Dança das Pétalas,Dança das Pétalas,,,Voar,Voar,Voar,Voar,,,Tankar,Tankar,Tankar,,,,,,,,,,,,,,,,,,,,,,,,,,,,,,,,Pedra Especial,,,Pedra Especial,,,Musica Ambiente,,,,,,,,,,Musica Agitada,,,Bondade,Musica Alegre,,,,,,,,,,,,,,,,,,,,,,,,,,,,,,,,,,Intimidar,Intimidar,,,,,,,,,,Voz Ousada,Voz Ousada,,,,,,,,,,,,,,,,,,,,,,,,,,,,,Distorção,Distorção,Distorção,,,,,,,,,,,,,,,,,,,,,,,,,,,,,,,,,,,,,,,,,Poeira Cósmica,,,,,,,Melodia Anticlimática,,,,,,,,,,,,,,,,,,,,,,,,,,,,,,,,,,,,,,,,,,,,,,,,,,,,,,,,,,,,,,,,,,,,
,Bomba de Lodo,Bomba de Lodo,Bomba de Lodo,Bomba de Lodo,,,Investida Aérea,Investida Aérea,Investida Aérea,Investida Aérea,,,Esmagar,Esmagar,Esmagar,,,,,,,,,,,,,,,,,,,,,,,,,,,,,,,,Lixo,,,Lixo,,,,,,,,,,,,,Ataque Hipersonico,,,,Musica Alta,,,,,,,,,,,,,,,,,,,,,,,,,,,,,,,,,,Pedregulho,Pedregulho,,,,,,,,,,,,,,,,,,,,,,,,,,,,,,,,,,,,,,,,Som Atordoante,Som Atordoante,Som Atordoante,,,,,,,,,,,,,,,,,,,,,,,,,,,,,,,,,,,,,,,,,,,,,,,,,,,,,,,,,,,,,,,,,,,,,,,,,,,,,,,,,,,,,,,,,,,,,,,,,,,,,,,,,,,,,,,,,,,,
,,Mega Dreno,Mega Dreno,Mega Dreno,,,Mordida ,Mordida ,Mordida ,Mordida ,,,Jato Triplo,Jato Triplo,Jato Triplo,,,,,,,,,,,,,,,,,,,,,,,,,,,,,,,,Poluição,,,Poluição,,,,,,,,,,,,,,,,,Musica Agitada,,,,,,,,,,,,,,,,,,,,,,,,,,,,,,,,,,Pedra Colossal,Pedra Colossal,,,,,,,,,,,,,,,,,,,,,,,,,,,,,,,,,,,,,,,,,,,,,,,,,,,,,,,,,,,,,,,,,,,,,,,,,,,,,,,,,,,,,,,,,,,,,,,,,,,,,,,,,,,,,,,,,,,,,,,,,,,,,,,,,,,,,,,,,,,,,,,,,,,,,,,,,,,,,,
,,Bomba de Semente,Bomba de Semente,Bomba de Semente,,,Rugido,Rugido,Rugido,Rugido,,,Tsunami,Tsunami,Tsunami,,,,,,,,,,,,,,,,,,,,,,,,,,,,,,,,Vortex Venenoso,,,Vortex Venenoso,,,,,,,,,,,,,,,,,,,,,,,,,,,,,,,,,,,,,,,,,,,,,,,,,,,Autruismo,Autruismo,,,,,,,,,,,,,,,,,,,,,,,,,,,,,,,,,,,,,,,,,,,,,,,,,,,,,,,,,,,,,,,,,,,,,,,,,,,,,,,,,,,,,,,,,,,,,,,,,,,,,,,,,,,,,,,,,,,,,,,,,,,,,,,,,,,,,,,,,,,,,,,,,,,,,,,,,,,,,,
,,Raio Solar,Raio Solar,Raio Solar,,,Cauda Violenta,Cauda Violenta,Cauda Violenta,Cauda Violenta,,,Lançamento,Lançamento,Lançamento,,,,,,,,,,,,,,,,,,,,,,,,,,,,,,,,Poeira Cósmica,,,Poeira Cósmica,,,,,,,,,,,,,,,,,,,,,,,,,,,,,,,,,,,,,,,,,,,,,,,,,,,,,,,,,,,,,,,,,,,,,,,,,,,,,,,,,,,,,,,,,,,,,,,,,,,,,,,,,,,,,,,,,,,,,,,,,,,,,,,,,,,,,,,,,,,,,,,,,,,,,,,,,,,,,,,,,,,,,,,,,,,,,,,,,,,,,,,,,,,,,,,,,,,,,,,,,,,,,,,,,,
,,Rugido,Rugido,Rugido,,,Investida Dragonica,Investida Dragonica,Investida Dragonica,Investida Dragonica,,,Queda Sísmica,Queda Sísmica,Queda Sísmica,,,,,,,,,,,,,,,,,,,,,,,,,,,,,,,,,,,,,,,,,,,,,,,,,,,,,,,,,,,,,,,,,,,,,,,,,,,,,,,,,,,,,,,,,,,,,,,,,,,,,,,,,,,,,,,,,,,,,,,,,,,,,,,,,,,,,,,,,,,,,,,,,,,,,,,,,,,,,,,,,,,,,,,,,,,,,,,,,,,,,,,,,,,,,,,,,,,,,,,,,,,,,,,,,,,,,,,,,,,,,,,,,,,,,,,,,,,,,,,,,,,,,
,,Rachadura,Rachadura,Rachadura,,,Laser de Fogo,Laser de Fogo,Laser de Fogo,Laser de Fogo,,,Pedra Dupla,Pedra Dupla,Pedra Dupla,,,,,,,,,,,,,,,,,,,,,,,,,,,,,,,,,,,,,,,,,,,,,,,,,,,,,,,,,,,,,,,,,,,,,,,,,,,,,,,,,,,,,,,,,,,,,,,,,,,,,,,,,,,,,,,,,,,,,,,,,,,,,,,,,,,,,,,,,,,,,,,,,,,,,,,,,,,,,,,,,,,,,,,,,,,,,,,,,,,,,,,,,,,,,,,,,,,,,,,,,,,,,,,,,,,,,,,,,,,,,,,,,,,,,,,,,,,,,,,,,,,,,
,,Tankar,Tankar,Tankar,,,,,,,,,,,,,,,,,,,,,,,,,,,,,,,,,,,,,,,,,,,,,,,,,,,,,,,,,,,,,,,,,,,,,,,,,,,,,,,,,,,,,,,,,,,,,,,,,,,,,,,,,,,,,,,,,,,,,,,,,,,,,,,,,,,,,,,,,,,,,,,,,,,,,,,,,,,,,,,,,,,,,,,,,,,,,,,,,,,,,,,,,,,,,,,,,,,,,,,,,,,,,,,,,,,,,,,,,,,,,,,,,,,,,,,,,,,,,,,,,,,,,,,,,,,,,,,,
,,Esmagar,Esmagar,Esmagar,,,,,,,,,,,,,,,,,,,,,,,,,,,,,,,,,,,,,,,,,,,,,,,,,,,,,,,,,,,,,,,,,,,,,,,,,,,,,,,,,,,,,,,,,,,,,,,,,,,,,,,,,,,,,,,,,,,,,,,,,,,,,,,,,,,,,,,,,,,,,,,,,,,,,,,,,,,,,,,,,,,,,,,,,,,,,,,,,,,,,,,,,,,,,,,,,,,,,,,,,,,,,,,,,,,,,,,,,,,,,,,,,,,,,,,,,,,,,,,,,,,,,,,,,,,,,,,,